gain,n
132.09860276627313,103.37455821183976
417.73246046724245,44.37065053958174
1320.9860276627314,13.865495245419666
4177.324604672424,4.4959211409471
