gain,n
132.09860276627313,212.44868129864142
417.73246046724245,60.68484916641735
1320.9860276627314,21.31088312912379
4177.324604672424,6.630253653238716
